id;isin;internal_code;asset_class;name;exchange_code;currency;sector_code;country_iso2;is_active;listed_at;policy_code;attributes_json;symbole_yfinance
513;AT0000A21KS2;EQ:AT:CPIEUROPE;equity;CPI Europe AG;XWBO;EUR;35;AT;True;;;"{""notes"": ""candidat screener yahoo 2026-08-21"", ""verification"": {""source"": ""yfinance"", ""status"": ""avertissement"", ""reasons"": ""isin_absent"", ""last_bar"": ""2026-08-17"", ""first_bar"": ""2000-01-03"", ""last_close"": 15.46, ""n_obs_weekly"": 1390, ""history_years"": 26.6, ""reported_name"": ""CPI Europe AG""}, ""stooq_symbol_unverified"": null}";CPI.VI
506;;EQ:AT:IMMOBILIENANLAGE;equity;CA Immobilien Anlagen AG;XWBO;EUR;35;AT;True;;;"{""notes"": ""candidat screener yahoo 2026-08-21"", ""verification"": {""source"": ""yfinance"", ""status"": ""avertissement"", ""reasons"": ""isin_absent"", ""last_bar"": ""2026-08-17"", ""first_bar"": ""2000-01-03"", ""last_close"": 23.7, ""n_obs_weekly"": 1390, ""history_years"": 26.6, ""reported_name"": ""CA Immobilien Anlagen AG""}, ""stooq_symbol_unverified"": null}";CAI.VI
353;;EQ:BE:AEDIFICANVSA;equity;Aedifica NV/SA;XBRU;EUR;35;BE;True;;;"{""notes"": ""candidat screener yahoo 2026-08-21"", ""pea_motif"": ""Statut SIR/GVV (régime belge équivalent SIIC) : exclue du PEA depuis la loi de finances 2012"", ""pea_eligible"": false, ""verification"": {""source"": ""yfinance"", ""status"": ""avertissement"", ""reasons"": ""isin_absent"", ""last_bar"": ""2026-08-17"", ""first_bar"": ""2006-10-23"", ""last_close"": 68.15, ""n_obs_weekly"": 1035, ""history_years"": 19.8, ""reported_name"": ""Aedifica NV/SA""}, ""stooq_symbol_unverified"": null}";AED.BR
558;;EQ:BE:MONTEACOMM;equity;Montea Comm. VA;XBRU;EUR;35;BE;True;;;"{""notes"": ""candidat screener yahoo 2026-08-21"", ""pea_motif"": ""Statut SIR/GVV (régime belge équivalent SIIC) : exclue du PEA depuis la loi de finances 2012"", ""pea_eligible"": false, ""verification"": {""source"": ""yfinance"", ""status"": ""avertissement"", ""reasons"": ""isin_absent"", ""last_bar"": ""2026-08-17"", ""first_bar"": ""2006-10-16"", ""last_close"": 67.7, ""n_obs_weekly"": 1036, ""history_years"": 19.8, ""reported_name"": ""Montea Comm. VA""}, ""stooq_symbol_unverified"": null}";MONT.BR
656;;EQ:BE:RETAILESTATES;equity;Retail Estates N.V.;XBRU;EUR;35;BE;True;;;"{""notes"": ""candidat screener yahoo 2026-08-21"", ""pea_motif"": ""Statut SIR/GVV (régime belge équivalent SIIC) : exclue du PEA depuis la loi de finances 2012"", ""pea_eligible"": false, ""verification"": {""source"": ""yfinance"", ""status"": ""avertissement"", ""reasons"": ""isin_absent"", ""last_bar"": ""2026-08-17"", ""first_bar"": ""2000-01-03"", ""last_close"": 66.0, ""n_obs_weekly"": 1390, ""history_years"": 26.6, ""reported_name"": ""Retail Estates N.V.""}, ""stooq_symbol_unverified"": null}";RET.BR
372;;EQ:BE:WAREHOUSESPAUW;equity;Warehouses De Pauw SA;XBRU;EUR;35;BE;True;;;"{""notes"": ""candidat screener yahoo 2026-08-21"", ""pea_motif"": ""Statut SIR/GVV (régime belge équivalent SIIC) : exclue du PEA depuis la loi de finances 2012"", ""pea_eligible"": false, ""verification"": {""source"": ""yfinance"", ""status"": ""avertissement"", ""reasons"": ""isin_absent"", ""last_bar"": ""2026-08-17"", ""first_bar"": ""2001-10-08"", ""last_close"": 21.32, ""n_obs_weekly"": 1298, ""history_years"": 24.9, ""reported_name"": ""Warehouses De Pauw SA""}, ""stooq_symbol_unverified"": null}";WDP.BR
611;;EQ:BE:XIORSTUDENTHOUSI;equity;Xior Student Housing NV;XBRU;EUR;35;BE;True;;;"{""notes"": ""candidat screener yahoo 2026-08-21"", ""pea_motif"": ""Statut SIR/GVV (régime belge équivalent SIIC) : exclue du PEA depuis la loi de finances 2012"", ""pea_eligible"": false, ""verification"": {""source"": ""yfinance"", ""status"": ""avertissement"", ""reasons"": ""isin_absent|historique_10.7a"", ""last_bar"": ""2026-08-17"", ""first_bar"": ""2015-12-07"", ""last_close"": 27.2, ""n_obs_weekly"": 559, ""history_years"": 10.7, ""reported_name"": ""Xior Student Housing NV""}, ""stooq_symbol_unverified"": null}";XIOR.BR
590;;EQ:DE:DEUTSCHEEUROSHOP;equity;Deutsche EuroShop AG;XETR;EUR;35;DE;True;;;"{""notes"": ""candidat screener yahoo 2026-08-21"", ""verification"": {""source"": ""yfinance"", ""status"": ""avertissement"", ""reasons"": ""isin_absent"", ""last_bar"": ""2026-08-17"", ""first_bar"": ""2001-01-01"", ""last_close"": 18.7, ""n_obs_weekly"": 1338, ""history_years"": 25.6, ""reported_name"": ""Deutsche EuroShop AG""}, ""stooq_symbol_unverified"": null}";DEQ.DE
330;;EQ:DE:DEUTSCHEWOHNEN;equity;Deutsche Wohnen SE;XETR;EUR;35;DE;True;;;"{""notes"": ""candidat screener yahoo 2026-08-21"", ""verification"": {""source"": ""yfinance"", ""status"": ""avertissement"", ""reasons"": ""isin_absent"", ""last_bar"": ""2026-08-17"", ""first_bar"": ""2006-07-03"", ""last_close"": 18.0, ""n_obs_weekly"": 1051, ""history_years"": 20.1, ""reported_name"": ""Deutsche Wohnen SE""}, ""stooq_symbol_unverified"": null}";DWNI.DE
405;;EQ:DE:LEGIMMOBILIEN;equity;LEG IMMOBILIEN;XETR;EUR;35;DE;True;;;"{""notes"": ""candidat screener yahoo 2026-08-21"", ""verification"": {""source"": ""yfinance"", ""status"": ""avertissement"", ""reasons"": ""isin_absent|historique_13.1a"", ""last_bar"": ""2026-08-17"", ""first_bar"": ""2013-07-08"", ""last_close"": 49.96, ""n_obs_weekly"": 685, ""history_years"": 13.1, ""reported_name"": ""LEG Immobilien SE""}, ""stooq_symbol_unverified"": null}";LEG.DE
477;;EQ:DE:TAGIMMOBILIEN;equity;TAG Immobilien AG;XETR;EUR;35;DE;True;;;"{""notes"": ""candidat screener yahoo 2026-08-21"", ""verification"": {""source"": ""yfinance"", ""status"": ""avertissement"", ""reasons"": ""isin_absent"", ""last_bar"": ""2026-08-17"", ""first_bar"": ""2000-10-09"", ""last_close"": 12.89, ""n_obs_weekly"": 1350, ""history_years"": 25.9, ""reported_name"": ""TAG Immobilien AG""}, ""stooq_symbol_unverified"": null}";TEG.DE
253;;EQ:DE:VONOVIA;equity;Vonovia SE;XETR;EUR;35;DE;True;;;"{""notes"": ""candidat screener yahoo 2026-08-21"", ""verification"": {""source"": ""yfinance"", ""status"": ""avertissement"", ""reasons"": ""isin_absent|historique_13.1a"", ""last_bar"": ""2026-08-17"", ""first_bar"": ""2013-07-08"", ""last_close"": 19.965, ""n_obs_weekly"": 685, ""history_years"": 13.1, ""reported_name"": ""Vonovia SE""}, ""stooq_symbol_unverified"": null}";VNA.DE
595;;EQ:ES:CASTELLANAPROPER;equity;Castellana Properties Socimi, S.A.;XMAD;EUR;35;ES;True;;;"{""notes"": ""candidat screener yahoo 2026-08-21"", ""pea_motif"": ""Statut SOCIMI (régime espagnol équivalent SIIC) : exclue du PEA depuis la loi de finances 2012"", ""pea_eligible"": false, ""verification"": {""source"": ""yfinance"", ""status"": ""avertissement"", ""reasons"": ""isin_absent|historique_6.0a"", ""last_bar"": ""2026-08-17"", ""first_bar"": ""2020-08-03"", ""last_close"": 9.5, ""n_obs_weekly"": 316, ""history_years"": 6.0, ""reported_name"": ""Castellana Properties Socimi, S.A.""}, ""stooq_symbol_unverified"": null}";YCPS.MC
424;;EQ:ES:COLONIALSFLSOCIM;equity;Colonial SFL, Socimi S. A.;XMAD;EUR;35;ES;True;;;"{""notes"": ""candidat screener yahoo 2026-08-21"", ""pea_motif"": ""Statut SOCIMI (régime espagnol équivalent SIIC) : exclue du PEA depuis la loi de finances 2012"", ""pea_eligible"": false, ""verification"": {""source"": ""yfinance"", ""status"": ""avertissement"", ""reasons"": ""isin_absent"", ""last_bar"": ""2026-08-17"", ""first_bar"": ""2002-05-13"", ""last_close"": 5.455, ""n_obs_weekly"": 1267, ""history_years"": 24.3, ""reported_name"": ""Colonial SFL, Socimi S. A.""}, ""stooq_symbol_unverified"": null}";COL.MC
624;;EQ:ES:GMPPROPERTYSOCIM;equity;GMP Property SOCIMI, S.A.;XMAD;EUR;35;ES;True;;;"{""notes"": ""candidat screener yahoo 2026-08-21"", ""pea_motif"": ""Statut SOCIMI (régime espagnol équivalent SIIC) : exclue du PEA depuis la loi de finances 2012"", ""pea_eligible"": false, ""verification"": {""source"": ""yfinance"", ""status"": ""avertissement"", ""reasons"": ""isin_absent|historique_10.1a"", ""last_bar"": ""2026-08-17"", ""first_bar"": ""2016-07-25"", ""last_close"": 62.0, ""n_obs_weekly"": 526, ""history_years"": 10.1, ""reported_name"": ""GMP Property SOCIMI, S.A.""}, ""stooq_symbol_unverified"": null}";YGMP.MC
299;;EQ:ES:MERLINPROPERTIES;equity;MERLIN Properties SOCIMI, S.A.;XMAD;EUR;35;ES;True;;;"{""notes"": ""candidat screener yahoo 2026-08-21"", ""pea_motif"": ""Statut SOCIMI (régime espagnol équivalent SIIC) : exclue du PEA depuis la loi de finances 2012"", ""pea_eligible"": false, ""verification"": {""source"": ""yfinance"", ""status"": ""avertissement"", ""reasons"": ""isin_absent|historique_12.1a"", ""last_bar"": ""2026-08-17"", ""first_bar"": ""2014-06-30"", ""last_close"": 14.14, ""n_obs_weekly"": 634, ""history_years"": 12.1, ""reported_name"": ""MERLIN Properties SOCIMI, S.A.""}, ""stooq_symbol_unverified"": null}";MRL.MC
478;FR0000033219;EQ:FR:ALTAREASCA;equity;Altarea SCA;XPAR;EUR;35;FR;True;;;"{""notes"": ""candidat screener yahoo 2026-08-21"", ""pea_motif"": ""Statut SIIC (exonération IS sur revenus locatifs) : exclue du PEA depuis la loi de finances 2012"", ""pea_eligible"": false, ""verification"": {""source"": ""yfinance"", ""status"": ""avertissement"", ""reasons"": ""isin_absent"", ""last_bar"": ""2026-08-17"", ""first_bar"": ""2000-01-03"", ""last_close"": 99.8, ""n_obs_weekly"": 1390, ""history_years"": 26.6, ""reported_name"": ""Altarea SCA""}, ""stooq_symbol_unverified"": null}";ALTA.PA
649;;EQ:FR:ALTAREITSCA;equity;Altareit SCA;XPAR;EUR;35;FR;True;;;"{""notes"": ""candidat screener yahoo 2026-08-21"", ""pea_motif"": ""Statut SIIC (exonération IS sur revenus locatifs) : exclue du PEA depuis la loi de finances 2012"", ""pea_eligible"": false, ""verification"": {""source"": ""yfinance"", ""status"": ""avertissement"", ""reasons"": ""isin_absent"", ""last_bar"": ""2026-08-17"", ""first_bar"": ""2000-03-06"", ""last_close"": 585.0, ""n_obs_weekly"": 1381, ""history_years"": 26.4, ""reported_name"": ""Altareit SCA""}, ""stooq_symbol_unverified"": null}";AREIT.PA
532;;EQ:FR:ARGAN;equity;Argan SA;XPAR;EUR;35;FR;True;;;"{""notes"": ""candidat screener yahoo 2026-08-21"", ""pea_motif"": ""Statut SIIC (exonération IS sur revenus locatifs) : exclue du PEA depuis la loi de finances 2012"", ""pea_eligible"": false, ""verification"": {""source"": ""yfinance"", ""status"": ""avertissement"", ""reasons"": ""isin_absent"", ""last_bar"": ""2026-08-17"", ""first_bar"": ""2007-06-25"", ""last_close"": 72.9, ""n_obs_weekly"": 1000, ""history_years"": 19.1, ""reported_name"": ""Argan SA""}, ""stooq_symbol_unverified"": null}";ARG.PA
493;;EQ:FR:CARMILA;equity;Carmila S.A.;XPAR;EUR;35;FR;True;;;"{""notes"": ""candidat screener yahoo 2026-08-21"", ""pea_motif"": ""Statut SIIC (exonération IS sur revenus locatifs) : exclue du PEA depuis la loi de finances 2012"", ""pea_eligible"": false, ""verification"": {""source"": ""yfinance"", ""status"": ""avertissement"", ""reasons"": ""isin_absent"", ""last_bar"": ""2026-08-17"", ""first_bar"": ""2011-04-25"", ""last_close"": 16.34, ""n_obs_weekly"": 800, ""history_years"": 15.3, ""reported_name"": ""Carmila S.A.""}, ""stooq_symbol_unverified"": null}";CARM.PA
352;FR0000064578;EQ:FR:COVIVIO;equity;Covivio;XPAR;EUR;35;FR;True;;;"{""notes"": ""candidat screener yahoo 2026-08-21"", ""pea_motif"": ""Statut SIIC (exonération IS sur revenus locatifs) : exclue du PEA depuis la loi de finances 2012"", ""pea_eligible"": false, ""verification"": {""source"": ""yfinance"", ""status"": ""avertissement"", ""reasons"": ""isin_absent"", ""last_bar"": ""2026-08-17"", ""first_bar"": ""2000-01-03"", ""last_close"": 51.6, ""n_obs_weekly"": 1390, ""history_years"": 26.6, ""reported_name"": ""Covivio""}, ""stooq_symbol_unverified"": null}";COV.PA
416;;EQ:FR:COVIVIOHOTELS;equity;Covivio Hotels;XPAR;EUR;35;FR;True;;;"{""notes"": ""candidat screener yahoo 2026-08-21"", ""pea_motif"": ""Statut SIIC (exonération IS sur revenus locatifs) : exclue du PEA depuis la loi de finances 2012"", ""pea_eligible"": false, ""verification"": {""source"": ""yfinance"", ""status"": ""avertissement"", ""reasons"": ""isin_absent"", ""last_bar"": ""2026-08-17"", ""first_bar"": ""2000-01-03"", ""last_close"": 22.5, ""n_obs_weekly"": 1390, ""history_years"": 26.6, ""reported_name"": ""Covivio Hotels""}, ""stooq_symbol_unverified"": null}";COVH.PA
633;;EQ:FR:FREY;equity;Frey SA;XPAR;EUR;35;FR;True;;;"{""notes"": ""candidat screener yahoo 2026-08-21"", ""pea_motif"": ""Statut SIIC (exonération IS sur revenus locatifs) : exclue du PEA depuis la loi de finances 2012"", ""pea_eligible"": false, ""verification"": {""source"": ""yfinance"", ""status"": ""avertissement"", ""reasons"": ""isin_absent"", ""last_bar"": ""2026-08-17"", ""first_bar"": ""2008-03-31"", ""last_close"": 35.8, ""n_obs_weekly"": 960, ""history_years"": 18.4, ""reported_name"": ""Frey SA""}, ""stooq_symbol_unverified"": null}";FREY.PA
368;FR0010040865;EQ:FR:GECINA;equity;Gecina;XPAR;EUR;35;FR;True;;;"{""notes"": ""candidat screener yahoo 2026-08-21"", ""pea_motif"": ""Statut SIIC (exonération IS sur revenus locatifs) : exclue du PEA depuis la loi de finances 2012"", ""pea_eligible"": false, ""verification"": {""source"": ""yfinance"", ""status"": ""avertissement"", ""reasons"": ""isin_absent"", ""last_bar"": ""2026-08-17"", ""first_bar"": ""1992-07-06"", ""last_close"": 72.5, ""n_obs_weekly"": 1781, ""history_years"": 34.1, ""reported_name"": ""Gecina""}, ""stooq_symbol_unverified"": null}";GFC.PA
587;;EQ:FR:ICADE;equity;Icade;XPAR;EUR;35;FR;True;;;"{""notes"": ""candidat screener yahoo 2026-08-21"", ""pea_motif"": ""Statut SIIC (exonération IS sur revenus locatifs) : exclue du PEA depuis la loi de finances 2012"", ""pea_eligible"": false, ""verification"": {""source"": ""yfinance"", ""status"": ""avertissement"", ""reasons"": ""isin_absent"", ""last_bar"": ""2026-08-17"", ""first_bar"": ""2000-01-03"", ""last_close"": 18.77, ""n_obs_weekly"": 1390, ""history_years"": 26.6, ""reported_name"": ""Icade""}, ""stooq_symbol_unverified"": null}";ICAD.PA
281;;EQ:FR:KLEPIERRE;equity;Klépierre SA;XPAR;EUR;35;FR;True;;;"{""notes"": ""candidat screener yahoo 2026-08-21"", ""pea_motif"": ""Statut SIIC (exonération IS sur revenus locatifs) : exclue du PEA depuis la loi de finances 2012"", ""pea_eligible"": false, ""verification"": {""source"": ""yfinance"", ""status"": ""avertissement"", ""reasons"": ""isin_absent"", ""last_bar"": ""2026-08-17"", ""first_bar"": ""1992-07-06"", ""last_close"": 38.94, ""n_obs_weekly"": 1781, ""history_years"": 34.1, ""reported_name"": ""Klépierre SA""}, ""stooq_symbol_unverified"": null}";LI.PA
639;;EQ:FR:MERCIALYS;equity;Mercialys SA;XPAR;EUR;35;FR;True;;;"{""notes"": ""candidat screener yahoo 2026-08-21"", ""pea_motif"": ""Statut SIIC (exonération IS sur revenus locatifs) : exclue du PEA depuis la loi de finances 2012"", ""pea_eligible"": false, ""verification"": {""source"": ""yfinance"", ""status"": ""avertissement"", ""reasons"": ""isin_absent"", ""last_bar"": ""2026-08-17"", ""first_bar"": ""2005-10-10"", ""last_close"": 11.42, ""n_obs_weekly"": 1089, ""history_years"": 20.9, ""reported_name"": ""Mercialys SA""}, ""stooq_symbol_unverified"": null}";MERY.PA
261;;EQ:FR:UNIBAILRODAMCOWE;equity;Unibail-Rodamco-Westfield SE;XPAR;EUR;35;FR;True;;;"{""notes"": ""candidat screener yahoo 2026-08-21"", ""pea_motif"": ""Statut SIIC (exonération IS sur revenus locatifs) : exclue du PEA depuis la loi de finances 2012"", ""pea_eligible"": false, ""verification"": {""source"": ""yfinance"", ""status"": ""avertissement"", ""reasons"": ""isin_absent|historique_3.4a"", ""last_bar"": ""2026-08-17"", ""first_bar"": ""2023-04-10"", ""last_close"": 103.15, ""n_obs_weekly"": 176, ""history_years"": 3.4, ""reported_name"": ""Unibail-Rodamco-Westfield SE""}, ""stooq_symbol_unverified"": null}";URW.PA
515;;EQ:LU:AROUNDTOWN;equity;Aroundtown SA;XWBO;EUR;35;LU;True;;;"{""notes"": ""candidat screener yahoo 2026-08-21"", ""verification"": {""source"": ""yfinance"", ""status"": ""avertissement"", ""reasons"": ""isin_absent|historique_8.3a"", ""last_bar"": ""2026-08-17"", ""first_bar"": ""2018-05-14"", ""last_close"": 2.056, ""n_obs_weekly"": 432, ""history_years"": 8.3, ""reported_name"": ""Aroundtown SA""}, ""stooq_symbol_unverified"": null}";TOWN.VI
342;;EQ:LU:CPIPROPERTYGROUP;equity;CPI Property Group;XETR;EUR;35;LU;True;;;"{""notes"": ""candidat screener yahoo 2026-08-21"", ""verification"": {""source"": ""yfinance"", ""status"": ""avertissement"", ""reasons"": ""isin_absent"", ""last_bar"": ""2026-08-17"", ""first_bar"": ""2006-05-22"", ""last_close"": 0.735, ""n_obs_weekly"": 1057, ""history_years"": 20.2, ""reported_name"": ""CPI Property Group""}, ""stooq_symbol_unverified"": null}";O5G.DE
551;;EQ:LU:GRANDCITYPROPERT;equity;Grand City Properties S.A.;XWBO;EUR;35;LU;True;;;"{""notes"": ""candidat screener yahoo 2026-08-21"", ""verification"": {""source"": ""yfinance"", ""status"": ""avertissement"", ""reasons"": ""isin_absent|historique_9.0a"", ""last_bar"": ""2026-08-17"", ""first_bar"": ""2017-09-04"", ""last_close"": 9.22, ""n_obs_weekly"": 468, ""history_years"": 9.0, ""reported_name"": ""Grand City Properties S.A.""}, ""stooq_symbol_unverified"": null}";GYC.VI
334;;EQ:NL:CTP;equity;CTP N.V.;XAMS;EUR;35;NL;True;;;"{""notes"": ""candidat screener yahoo 2026-08-21"", ""verification"": {""source"": ""yfinance"", ""status"": ""avertissement"", ""reasons"": ""isin_absent|historique_5.4a"", ""last_bar"": ""2026-08-17"", ""first_bar"": ""2021-03-22"", ""last_close"": 14.38, ""n_obs_weekly"": 283, ""history_years"": 5.4, ""reported_name"": ""CTP N.V.""}, ""stooq_symbol_unverified"": null}";CTPNV.AS
576;;EQ:NL:EUROCOMMERCIALPR;equity;Eurocommercial Properties N.V.;XAMS;EUR;35;NL;True;;;"{""notes"": ""candidat screener yahoo 2026-08-21"", ""pea_motif"": ""Statut FBI (régime néerlandais équivalent SIIC) : exclue du PEA depuis la loi de finances 2012"", ""pea_eligible"": false, ""verification"": {""source"": ""yfinance"", ""status"": ""avertissement"", ""reasons"": ""isin_absent|historique_4.8a"", ""last_bar"": ""2026-08-17"", ""first_bar"": ""2021-10-18"", ""last_close"": 27.0, ""n_obs_weekly"": 253, ""history_years"": 4.8, ""reported_name"": ""Eurocommercial Properties N.V.""}, ""stooq_symbol_unverified"": null}";ECMPA.AS
691;;EQ:NL:WERELDHAVE;equity;Wereldhave N.V.;XAMS;EUR;35;NL;True;;;"{""notes"": ""candidat screener yahoo 2026-08-21"", ""pea_motif"": ""Statut FBI (régime néerlandais équivalent SIIC) : exclue du PEA depuis la loi de finances 2012"", ""pea_eligible"": false, ""verification"": {""source"": ""yfinance"", ""status"": ""avertissement"", ""reasons"": ""isin_absent"", ""last_bar"": ""2026-08-17"", ""first_bar"": ""2006-10-09"", ""last_close"": 18.52, ""n_obs_weekly"": 1037, ""history_years"": 19.9, ""reported_name"": ""Wereldhave N.V.""}, ""stooq_symbol_unverified"": null}";WHA.AS
